{
  "created_at": "2026-03-18T11:29:44",
  "approach": "inter_cycle",
  "window_size": 10,
  "n_features": 12,
  "feature_names": [
    "mean_V",
    "std_V",
    "min_V",
    "mean_T",
    "std_T",
    "mean_I",
    "slope_SoC",
    "voltage_drop",
    "capacity_proxy",
    "temp_rise",
    "voltage_end",
    "soh_prev"
  ],
  "new_feature": "soh_prev : SoH[t] pour t<last, SoH[t-1] pour t=last (no leakage)",
  "train_batteries": [
    "B0005",
    "B0007",
    "B0025",
    "B0026",
    "B0027",
    "B0029",
    "B0030",
    "B0031",
    "B0032",
    "B0033",
    "B0036",
    "B0038",
    "B0040",
    "B0042",
    "B0043",
    "B0044",
    "B0046",
    "B0047",
    "B0048"
  ],
  "test_batteries": [
    "B0006",
    "B0018",
    "B0028",
    "B0034",
    "B0039"
  ],
  "n_train_samples": 944,
  "n_test_samples": 299,
  "scaler_mean": [
    3.455209,
    0.211122,
    2.959141,
    35.353778,
    3.572107,
    -2.377875,
    -5.04343,
    0.953434,
    47.557506,
    13.334483,
    2.959141,
    82.691327
  ],
  "scaler_std": [
    0.137981,
    0.016435,
    0.100888,
    9.773384,
    1.532175,
    0.938854,
    0.041609,
    0.071528,
    18.777078,
    5.201917,
    0.100888,
    6.240936
  ],
  "baseline_ridge": {
    "MAE": 1.063,
    "RMSE": 1.7561,
    "R2": 0.9484
  },
  "feature_correlations_with_SoH": {
    "mean_V": 0.4672,
    "std_V": -0.6238,
    "min_V": 0.6705,
    "mean_T": 0.263,
    "std_T": -0.358,
    "mean_I": 0.1185,
    "slope_SoC": 0.1522,
    "voltage_drop": -0.6192,
    "capacity_proxy": -0.1185,
    "temp_rise": -0.3459,
    "voltage_end": 0.6705
  }
}