{
  "created_at": "2026-03-18T11:32:40",
  "approach": "inter_cycle",
  "window_size": 10,
  "n_features": 11,
  "feature_names": [
    "mean_V",
    "std_V",
    "min_V",
    "mean_T",
    "std_T",
    "mean_I",
    "slope_SoC",
    "voltage_drop",
    "capacity_proxy",
    "temp_rise",
    "voltage_end"
  ],
  "train_batteries": [
    "B0005",
    "B0007",
    "B0025",
    "B0026",
    "B0027",
    "B0029",
    "B0030",
    "B0031",
    "B0032",
    "B0033",
    "B0036",
    "B0038",
    "B0040",
    "B0042",
    "B0043",
    "B0044",
    "B0046",
    "B0047",
    "B0048"
  ],
  "test_batteries": [
    "B0006",
    "B0018",
    "B0028",
    "B0034",
    "B0039"
  ],
  "n_train_samples": 944,
  "n_test_samples": 299,
  "y_train_min": 70.0222396850586,
  "y_train_max": 100.0,
  "y_train_mean": 81.98249053955078,
  "y_train_std": 6.32273006439209,
  "y_test_min": 70.11583709716797,
  "y_test_max": 98.67462921142578,
  "y_test_mean": 80.37608337402344,
  "y_test_std": 7.73307466506958,
  "scaler_mean": [
    3.455209,
    0.211122,
    2.959141,
    35.353778,
    3.572107,
    -2.377875,
    -5.04343,
    0.953434,
    47.557506,
    13.334483,
    2.959141
  ],
  "scaler_std": [
    0.137981,
    0.016435,
    0.100888,
    9.773384,
    1.532175,
    0.938854,
    0.041609,
    0.071528,
    18.777078,
    5.201917,
    0.100888
  ],
  "baseline_ridge": {
    "MAE": 3.5367,
    "RMSE": 4.4341,
    "R2": 0.6712
  }
}